alias a_mary Mary Glennon <mmglennon@hotmail.com>
alias johanna Johanna Bird <johannabird@gmail.com>
alias dwmalone David Malone <dwmalone@maths.tcd.ie>
alias conall Conall O'Brien <conallob@maths.tcd.ie>
alias sara Sara McAneney <mcanenes@tcd.ie>
alias moreilly Michael O'Reilly <moreilly@verbatim-europe.com>
alias ronnie Ronnie Shine <ronnieshine@hotmail.com>
alias des Desmond Brennan <desmond.brennan@gmail.com>
alias ariane Ariane Tobin <arianetobin@gmail.com>
alias tanya Tanya Reilly <tanya.reilly@gmail.com>
alias brian Brian Tobin <bearbt@gmail.com>
alias lucy Lucy O'Sullivan <lucy@indigo.ie>
alias ruaidhri Ruaidhri Power <ruaidhri@netsoc.tcd.ie>
alias glen Glen Moran <mrwombat@gmail.com>
alias drew Drew Shiel <gothwalk@gmail.com>
alias kay Kay Brophy <kaybrophy@ireland.com>
alias gmail John Tobin <tobinjt.goes.east@gmail.com>
